titulok,kategoria,zaner,zdroj,datum
"Firma z Prešova vykupuje od lekární lieky. O tom, či ich vyváža do zahraničia, mlčí",,mainstream,www.sme.sk,2025-11-27
Aj jeden názor môže zmeniť postoj celého Ústavného súdu. Fiačan poslancom pripomenul ich povinnosť,,mainstream,www.sme.sk,2025-11-27
"Oznamovateľka korupcie: Ak po zrušení úradu stratím prácu, budem uvažovať o odchode zo Slovenska",,mainstream,www.sme.sk,2025-11-27
Únia sa bude naozaj trhať a treba si vybrať,,mainstream,www.sme.sk,2025-11-27
Na vianočných trhoch v Bratislave si za pečenú klobásu pýtajú deväť eur. Ceny tento rok opäť narástli,,mainstream,www.sme.sk,2025-11-27
Ako je to s Benešovými dekrétmi: Čo sa deje na južnom Slovensku a čo skutočne navrhuje PS?,,mainstream,www.sme.sk,2025-11-27
Za tatranským hotelovým kolosom sa v tichosti objavila firma známeho oligarchu,,mainstream,www.sme.sk,2025-11-27
"Je jedno, čo ste čakali. Finále Stranger Things dokazuje, prečo je najlepším seriálom Netflixu",,mainstream,www.sme.sk,2025-11-27
Cynická obluda: Akútna hrozba porušovania základných ľudských práv,,mainstream,www.sme.sk,2025-11-27
"SME Minúta: Koalícia nemá istotu, že Pellegrini podpíše zrušenie protikorupčného úradu. Kroky vlády nechápe",,mainstream,www.sme.sk,2025-11-27
"Afganistan je pekelná diera, vraví Trump. Po útoku v DC chystá kolektívny trest",,mainstream,www.sme.sk,2025-11-27
"SME Minúta: Európa sa obáva, že Trump podmieni bezpečnostné záruky Ukrajine uzavretím mierovej dohody",,mainstream,www.sme.sk,2025-11-27
"Ako sa žije na Slovensku: Človek by neveril, koľko toho telo dokáže vydržať, hovorí rušňovodič",,mainstream,www.sme.sk,2025-11-27
Šeherezáda lákala viac než španielske hviezdy. Pre koho ten futbal robíme? pýtal sa Weiss,,mainstream,www.sme.sk,2025-11-27
"Opravu múru v havarijnom stave nemá kto vykonať. Hrozí poškodenie domu, cesty aj plynovodu",,mainstream,www.sme.sk,2025-11-27
"Novým šéfom rozhlasu bude Peter Janků, doterajší asistent poslanca KDH Jozefa Hajka",,mainstream,dennikn.sk,2025-11-27
Ochranári spochybňujú verziu funkcionára poľovníckej komory. Nesedí čas a miesto obhliadky zastreleného vlka,,mainstream,dennikn.sk,2025-11-27
The Government’s Propaganda War Now Says Péter Magyar Wants to Tax Kittens (136 Days Until the Election),,mainstream,dennikn.sk,2025-11-27
Sudcovia ako „návod na zárobok“? Analýza sporného rozhovoru Ayše Pružinec Eren,,mainstream,dennikn.sk,2025-11-27
Orbánova propaganda bojuje proti Magyarovi aj mačiatkami (136 dní do volieb),,mainstream,dennikn.sk,2025-11-27
"Vývoj bojov (1372. deň): Prekážky sú srdcom ukrajinskej obrany. Tento rok ich začali stavať správne, tvrdí analytik",,mainstream,dennikn.sk,2025-11-27
"Štát obnovuje staré konfiškácie. Vysvetľujeme, v čom je dnes problém s Benešovými dekrétmi",,mainstream,dennikn.sk,2025-11-27
"Neočakávame, že úroky hypoték pôjdu hlbšie pod 3 percentá, hovoria odborníci na reality Kuba a Molnár",,mainstream,dennikn.sk,2025-11-27
Česi rozumejú Hartlovi a Hartl Čechom napriek frflaniu literárnych kritikov. S Vieweghom a Bočkom je to horšie,,mainstream,dennikn.sk,2025-11-27
Podľa PS Taraba škrečkuje pre Babiša peniaze určené na vrakunskú skládku a gudrónové jamy,,mainstream,dennikn.sk,2025-11-27
"Únia musí prevziať vedúcu úlohu pri rokovaniach o Ukrajine, vyzvali europoslanci",,mainstream,hnonline.sk,2025-11-27
"Základom rokovaní o konci vojny na Ukrajine musí byť súčasná línia bojov, povedal Merz",,mainstream,hnonline.sk,2025-11-27
Klub 500 varuje pred ohrozením priemyslu. Slovenské firmy majú doplácať za výpadok ruského plynu,,mainstream,hnonline.sk,2025-11-27
"Taraba kývol na obrovský dopravný uzol v Bratislave. Za pol miliardy pribudne koľaj, mosty aj európsky systém",,mainstream,hnonline.sk,2025-11-27
"Pápež v Turecku vyzval na rešpekt, krajina by sa mala usilovať o medzinárodnú stabilitu",,mainstream,hnonline.sk,2025-11-27
"Pellegrini: Mier na Ukrajine je zatiaľ v rukách Trumpa, Putina a Zelenského. Európa by sa nemala rozčuľovať",,mainstream,hnonline.sk,2025-11-27
Harabin sa má opäť postaviť pred súd v kauze schvaľovania ruskej agresie,,mainstream,hnonline.sk,2025-11-27
Taliansko odovzdalo do Nemecka Ukrajinca z kauzy Nord Stream,,mainstream,hnonline.sk,2025-11-27
"Fiačan apeloval, aby Národná rada zvolila kandidátov na uvoľnené miesto sudcu Ústavného súdu",,mainstream,hnonline.sk,2025-11-27
Je kreatín bezpečný doplnok? Farmaceutka o jeho neuroprotektívnych účinkoch aj rizikách,,mainstream,hnonline.sk,2025-11-27
"SaS tvrdí, že vie, prečo chce Fico žalovať Brusel kvôli plynu",,mainstream,hnonline.sk,2025-11-27
Ako podať žiadosť o dôchodok: presný návod krok za krokom​,,mainstream,hnonline.sk,2025-11-27
"Americký plán by mohol byť základom budúcich dohôd, vraví Putin. Uisťuje, že Rusko Európu nenapadne",,mainstream,hnonline.sk,2025-11-27
"Pellegrini reagoval na stretnutie s koaličnými lídrami: Niekedy som zhrozený z toho, čo sa deje",,mainstream,hnonline.sk,2025-11-27
"Zástanca riadeného chaosu, ktorého vychválil aj Weiss. Zo šéfa lavičky Raya môže byť budúca trénerská hviezda",,mainstream,hnonline.sk,2025-11-27
"Kazaň dominuje rebríčku hokejových klubov, zo SR najvyššie Košice",,regionalne,kosice.dnes24.sk,2025-11-27
Do systému Dobrý anjel pribudli košické basketbalistky,,regionalne,kosice.dnes24.sk,2025-11-27
Uhynulo ďalšie zviera z košickej ZOO!,,regionalne,kosice.dnes24.sk,2025-11-27
Košickí poslanci schválili nový úver na rozvojové projekty,,regionalne,kosice.dnes24.sk,2025-11-27
Line-up micro.Wilsonicu v Bratislave a Košiciach je známy,,regionalne,kosice.dnes24.sk,2025-11-27
Košičania nemajú pred odvetou v Ríme veľké oči,,regionalne,kosice.dnes24.sk,2025-11-27
Vodiča autobusu odsúdili za napadnutie cestujúceho,,regionalne,kosice.dnes24.sk,2025-11-27
Slovensko bude dočasným domovom pre palestínskych utečencov,,regionalne,kosice.dnes24.sk,2025-11-27
AS Rím nastúpi proti Košiciam bez zranených Brighiho a Andreolliho,,regionalne,kosice.dnes24.sk,2025-11-27
STV bude hľadať detské talenty aj na východe,,regionalne,kosice.dnes24.sk,2025-11-27
Tonya Graves dodržiava české i americké zvyky,,regionalne,bratislava.dnes24.sk,2025-11-27
Leteckí záchranári pomohli zranenému mužovi,,regionalne,bratislava.dnes24.sk,2025-11-27
Investor potvrdil plány na úplné zbúranie PKO,,regionalne,bratislava.dnes24.sk,2025-11-27
Petrovi Hochschornerovi zistili hypertenziu,,regionalne,bratislava.dnes24.sk,2025-11-27
Mestskí policajti budú hliadkovať aj na Štedrý deň,,regionalne,bratislava.dnes24.sk,2025-11-27
Odvoz odpadu cez sviatky bude ako v pracovné dni,,regionalne,bratislava.dnes24.sk,2025-11-27
Počet poberateľov sociálnych dávok neustále rastie,,regionalne,bratislava.dnes24.sk,2025-11-27
Odstúpenie Krčméryho je diskriminačným tlakom,,regionalne,bratislava.dnes24.sk,2025-11-27
"Vážny chce, aby mýto vyhnalo náklad z cesty",,regionalne,bratislava.dnes24.sk,2025-11-27
VIDEOANALÝZA: Nálada ekonomiky v SR sa zlepšila,,regionalne,bratislava.dnes24.sk,2025-11-27
